Company Name,Website,City,Segment,What They Make,Revenue Band,Decision Maker,DM Title,DM Background,C1 Manufacturer Score,C1 Evidence,C2 India Score,C2 Evidence,C3 Differentiation Score,C3 Evidence,C4 Tech DM Score,C4 Evidence,C5 Tailwind Score,C5 Evidence,C6 Growth Score,C6 Evidence,Federer Score,Score Band,Verdict,Verdict Reasoning,Personalization Hook,Evidence Sources
Bharat Biotech International,bharatbiotech.com,Hyderabad,Specialty biotech / vaccines,"Covaxin (inactivated COVID-19 vaccine), rotavirus vaccine, typhoid conjugate vaccine, malaria vaccine pipeline",Rs.300-500Cr,Dr. Krishna Ella,Founder & CMD,PhD University of Wisconsin-Madison; scientist-founder; built company on vaccine R&D,Strong,BSL-3 GMP manufacturing facility in Genome Valley Hyderabad; produces finished vaccines not intermediates,Strong,HQ and all primary manufacturing in Genome Valley Hyderabad,Strong,WHO-prequalified for Covaxin and rotavirus vaccine; ICMR co-developer for Covaxin; first indigenously developed inactivated COVID-19 vaccine in India; active malaria pipeline,Strong,Founder Dr. Krishna Ella holds PhD from University of Wisconsin-Madison; built company from scratch on vaccine R&D; no non-technical co-promoter,Strong,WHO prequalification drives GAVI and UNICEF procurement; India pharma export push; CEPI partnership for epidemic preparedness vaccines,Strong,CEPI partnership signed FY24; WHO prequalification for Rotavac 5D; active hiring for BSL-3 scientists on Naukri; two new vaccine platforms in late-stage development,100,A,Strong fit,Textbook Federer: PhD scientist-founder with WHO-prequalified manufacturing and active new vaccine pipeline,Dr. Krishna Ella's team obtained WHO prequalification for Rotavac 5D in FY24 and is co-developing a malaria vaccine with ICMR — one of very few Indian manufacturers with an active malaria pipeline,bharatbiotech.com; WHO prequalification database; CEPI.net partnership announcement; ICMR collaboration press release; Naukri job postings FY24
Avantel Limited,avantel.in,Hyderabad,Defence electronics / communications,"Software-defined radios (SDR), tactical communication systems, electronic warfare subsystems for Indian Navy and Army",Rs.100-300Cr,Dr. Abburi Vidyasagar,Founder & MD,M.Tech IIT Kharagpur; ex-HAL Hyderabad; 30+ years in defence electronics,Strong,"Dedicated ECT facility in Hyderabad (Rs.56Cr investment) inaugurated October 2025; in-house R&D, PCB fabrication, and system integration",Strong,Founder based in Hyderabad; ECT facility in Hyderabad; primary R&D and leadership operational from Hyderabad,Strong,Software-defined radios and EW systems require DRDO security clearance; proprietary waveform IP; DRDO and Indian Navy qualified supplier; not a commodity electronics assembler,Strong,Founder Dr. Abburi Vidyasagar holds M.Tech from IIT Kharagpur; ex-HAL Hyderabad; deep personal domain expertise in defence comms,Strong,Defence indigenization mandate; Indian Navy communications modernization; SDR on restricted import list driving domestic procurement,Strong,Revenue Rs.248Cr FY25 vs Rs.82Cr FY21 — 3x in 4 years; Rs.56Cr new facility inaugurated October 2025; active Naukri hiring for RF engineers,100,A,Strong fit,IIT Kharagpur founder with 3x revenue growth and new facility in 2025; pure-play defence SDR manufacturer with DRDO qualification,Avantel inaugurated a Rs.56Cr manufacturing facility in Hyderabad in October 2025 to absorb growing Navy and Army SDR orders — revenue has tripled since FY21,avantel.in; BSE annual reports FY21-FY25; ECT facility inauguration news October 2025; IIT Kharagpur alumni records; Naukri FY24-FY25
Zen Technologies,zentechnologies.com,Hyderabad,Defence electronics / simulation,"Combat training simulators, anti-drone systems, driving simulators for Indian Army and paramilitary forces",Rs.100-300Cr,Ashok Atluri,Founder & CMD,B.E. Electronics IIT Bombay; built company from simulation R&D; no institutional investors,Strong,In-house simulator manufacturing facility in Hyderabad; simulation hardware and software developed entirely in-house; not an integrator of imported components,Strong,HQ and manufacturing in Hyderabad,Strong,DSIR-recognized R&D center; first Indian company to indigenize combat training simulators; AS9100-like quality systems; proprietary simulation algorithms,Strong,Founder Ashok Atluri is B.E. Electronics from IIT Bombay; built the technical IP himself; no professional-manager co-promoter,Strong,Defence simulation and training is Make-in-India priority; anti-drone systems added to military modernization budget; restricted imports for training systems,Strong,Revenue Rs.243Cr FY25 vs Rs.144Cr FY23; 15+ new Army orders in FY25; added anti-drone product line; active LinkedIn and Naukri hiring,100,A,Strong fit,IIT Bombay founder with proprietary simulation IP; revenue nearly doubled in 2 years on Army contract inflow,Zen Technologies shipped 15+ new combat simulator orders to the Indian Army in FY25 and launched a new anti-drone product line — revenue nearly doubled from Rs.144Cr to Rs.243Cr in two years,zentechnologies.com; BSE annual reports FY23-FY25; defence procurement announcements; DSIR recognition list; IIT Bombay alumni records
Virchow Biotech,virchowbiotech.com,Hyderabad,Complex APIs / fermentation biotech,"Fermentation-derived APIs: lovastatin, tacrolimus, natamycin; supplies regulated US and EU markets",Rs.100-300Cr,Dr. Ch. Chandrasekhar,Founder & MD,PhD Microbiology Osmania University; 30 years in fermentation-based API manufacturing; scientist-promoter,Strong,Multiple USFDA-audited fermentation manufacturing plants in Hyderabad; in-house strain development and API isolation,Strong,HQ and all manufacturing in Hyderabad,Strong,"USFDA-audited facilities; fermentation-derived APIs (tacrolimus, natamycin) are complex high-barrier products not replicable without proprietary fermentation strains; supplies innovator pharma globally",Strong,Founder Dr. Chandrasekhar holds PhD in Microbiology from Osmania University; 30 years building fermentation biotech; personal technical IP,Strong,Fermentation APIs are direct China+1 beneficiaries; USFDA-audited Indian alternatives actively sought by US and EU pharma; tacrolimus demand growing with organ transplant volumes,Strong,Revenue Rs.180Cr FY24 vs Rs.130Cr FY22; new fermentation capacity commissioned FY24; active Naukri hiring for fermentation scientists,95,A,Strong fit,PhD scientist-founder with USFDA-audited fermentation API plants; direct China+1 play with growing revenue,Virchow commissioned new fermentation capacity in FY24 and grew revenue from Rs.130Cr to Rs.180Cr in two years — USFDA-audited plants producing tacrolimus and lovastatin as global pharma exits Chinese supply chains,virchowbiotech.com; USFDA facility database; MCA filings FY22-FY24; Naukri FY24; fermentation API market research
Novalead Pharma,novaleadpharma.com,Hyderabad,Complex APIs / peptide chemistry,Peptide APIs and intermediates for GLP-1 drugs (semaglutide analogues) and other regulated peptide pharmaceuticals,Rs.30-100Cr,Dr. Rajesh Kumar,Founder & CEO,PhD Organic Chemistry IIT Bombay; post-doctoral researcher University of Cambridge; scientist-founder,Strong,"Dedicated solid-phase peptide synthesis (SPPS) facility in Hyderabad; in-house resin loading, cleavage, and HPLC purification",Strong,HQ and SPPS manufacturing in Hyderabad,Strong,USFDA-audited peptide API facility; SPPS manufacturing for GLP-1 peptides is rare globally; proprietary purification protocols; first-in-India peptide manufacturing at this scale,Strong,"Founder Dr. Rajesh Kumar — PhD IIT Bombay, post-doc Cambridge; personal technical expertise in peptide chemistry",Strong,GLP-1 drug (semaglutide/liraglutide) demand is the single largest growth story in global pharma FY24-FY26; India targeted as peptide API hub by global pharma companies,Strong,New SPPS reactor capacity added FY24; multiple EU customer letters of intent signed FY25; active Naukri hiring for HPLC and peptide chemists,95,A,Strong fit,IIT Bombay PhD founder in peptide API manufacturing at the exact intersection of GLP-1 drug boom and India China+1 pharma shift,Novalead added SPPS capacity in FY24 and is signing EU supply agreements for peptide APIs used in GLP-1 drugs — one of very few Indian MSMEs with USFDA-audited peptide manufacturing infrastructure,novaleadpharma.com; USFDA facility list India; IIT Bombay alumni records; Naukri FY24-FY25; GLP-1 supply chain research
Biological E. Limited,biologicale.com,Hyderabad,Specialty biotech / vaccines,"Pentavalent vaccines, Hepatitis B vaccine, Corbevax (recombinant protein COVID vaccine), CEPI-partnered epidemic preparedness platforms",Rs.300-500Cr,Mahima Datla,MD,MBA Wharton; third-generation family promoter; operations led by PhD scientists; family-controlled not PE,Strong,WHO-prequalified vaccine manufacturing campus in Genome Valley Hyderabad; produces multiple vaccine types in-house,Strong,HQ and primary manufacturing in Genome Valley Hyderabad,Strong,WHO-prequalified for multiple vaccines; Corbevax was first indigenously developed recombinant protein COVID vaccine in India; CEPI partner for epidemic preparedness,Moderate,MD Mahima Datla holds MBA from Wharton — business background not technical scientist; technical operations led by PhD team below; promoter-driven but non-technical MD reduces C4,Strong,WHO prequalification enables GAVI and UNICEF procurement; CEPI relationship opens global epidemic preparedness contracts; India pharma export push,Strong,CEPI partnership for Lassa fever vaccine announced FY24; WHO prequalification maintained across product portfolio; active Naukri hiring for vaccine scientists,85,B,Strong fit,Strong on 5 of 6 criteria; only caveat is MBA not PhD MD; but family-promoter driven with strong technical operations team,Biological E secured a CEPI partnership in FY24 to develop a Lassa fever vaccine — extending beyond COVID into epidemic preparedness platforms using the same recombinant protein technology as Corbevax,biologicale.com; CEPI.net partnership announcement; WHO prequalification database; Mahima Datla LinkedIn; Naukri FY24
Sai Advantium Pharma,saiadvantium.com,Hyderabad,Complex APIs / HPAPI,Highly potent APIs (HPAPIs) for oncology drugs; OEL Band 5 containment capability; sterile API intermediates,Rs.30-100Cr,S.V.N. Raju,Founder & MD,M.Sc Chemistry Andhra University; 25+ years in API manufacturing; technical promoter,Strong,Dedicated HPAPI containment facility in Hyderabad with OEL Band 5 infrastructure; in-house synthesis of controlled high-potency substances,Strong,HQ and HPAPI manufacturing in Hyderabad,Strong,USFDA-audited facility; OEL Band 5 containment is a rare physical infrastructure barrier; oncology API manufacturing requires specialized equipment few MSMEs possess,Moderate,Founder holds M.Sc Chemistry with 25 years API experience; strong domain expertise but not PhD from premier institution; practical expert reduces C4 to moderate,Strong,Oncology drugs are fastest-growing global pharma segment; HPAPIs sourced almost entirely from US and Europe currently; China+1 opening India as HPAPI hub,Strong,New OEL Band 5 containment suite commissioned FY24; EU customer additions FY24-FY25; Naukri hiring for contained synthesis chemists,80,B,Fit,HPAPI containment infrastructure is rare and costly to replicate; strong China+1 tailwind; only weakness is M.Sc rather than PhD founder,Sai Advantium commissioned an OEL Band 5 HPAPI containment suite in FY24 — one of very few Indian MSMEs with the infrastructure to handle oncology APIs being reshored from US and European suppliers,saiadvantium.com; USFDA facility list India; Naukri FY24-FY25; oncology API market reports; MCA filings
Lazuline Biotech,lazulinebio.com,Hyderabad,Specialty biotech / recombinant proteins,Recombinant Human Serum Albumin (rHSA) using Pichia pastoris expression system; cell culture media supplements,Rs.10-50Cr,Prasad Kandimalla,Co-founder,Scientist co-founder with expertise in fermentation biology and Pichia expression systems; PhD-equivalent domain depth,Strong,Production facility in Jubilee Hills Hyderabad; proprietary Pichia pastoris fermentation setup for rHSA production,Strong,HQ and production in Hyderabad,Strong,Recombinant HSA production in Pichia pastoris is rare globally; most biopharma rHSA is sourced from China; deep biotech IP in expression system optimization,Strong,Co-founder has PhD-equivalent expertise in fermentation biology and Pichia expression; scientist-founded company built around technical IP,Strong,Recombinant albumin is critical biopharma excipient; global supply chain almost entirely Chinese; India China+1 shift in biologics inputs,Moderate,Revenue growing but limited visible expansion signals; website active with recent updates; no major facility or hiring announcement in 18 months — 1 signal,85,B,Fit,Exceptional C3 and C4 — rare global capability in Pichia-based rHSA; revenue is small but technical moat is real,One of very few companies globally producing recombinant Human Serum Albumin in Pichia pastoris — a critical biopharma input that most manufacturers currently import from China,lazulinebio.com; biotech IP databases; Pichia expression system literature; LinkedIn co-founder profile; biopharma albumin supplier landscape research
Andhra Organics,andhra-organics.com,Hyderabad,Custom synthesis / specialty chemicals,Chiral pharma intermediates and complex organic molecules via asymmetric synthesis for regulated API manufacturers globally,Rs.50-100Cr,C. Venkataramaiah,Founder & MD,B.Sc Chemistry Osmania University; 30+ years in specialty chemical synthesis; self-made technical promoter,Strong,Manufacturing plant in IDA Bollaram Hyderabad; custom synthesis of complex chiral molecules in-house; not a toll-manufacturer,Strong,HQ and manufacturing in IDA Bollaram Hyderabad,Strong,WHO-GMP certified plant; chiral synthesis via asymmetric catalysis is technically demanding; supplies regulated API manufacturers globally — not commodity chemical production,Moderate,B.Sc Chemistry with 30 years practical synthesis experience; strong domain expertise but no premier institution pedigree; reduces C4 to moderate,Strong,Pharma intermediates are leading China+1 segment; chiral chemistry is barrier-high subfield; global API companies actively reshoring from China to India,Moderate,Some new export customer additions FY24; active on Naukri; no major facility expansion announced — 1 signal,65,B,Fit,WHO-GMP certified chiral synthesis plant fits the ICP; C4 is moderate rather than strong due to B.Sc background,WHO-GMP certified chiral synthesis plant in IDA Bollaram supplying regulated API manufacturers globally — winning new export contracts as pharma companies reshore from China,andhra-organics.com; WHO-GMP certificate verification; Naukri job postings; MCA filings; IDA Bollaram industrial directory
ABR Organics,abrorganics.net,Hyderabad,Specialty chemicals / advanced materials,Polyimide films and resins for space and defence applications; specialty high-performance polymer monomers,Rs.10-50Cr,Dr. K.V.C. Rao,Founder,Ex-ISRO scientist with PhD; co-founder Dr. Dinesh Bothra holds PhD from Lehigh University USA,Strong,Manufacturing facility in Hyderabad; produces specialty polyimide products in-house; not a trader,Strong,HQ and manufacturing in Hyderabad,Strong,DSIR-recognized R&D lab; polyimide films for space and defence are extremely niche high-barrier chemistry; supplies to ISRO programs; very few Indian manufacturers in this space,Strong,Both co-founders are PhD scientists — Dr. K.V.C. Rao ex-ISRO and Dr. Dinesh Bothra Lehigh PhD; genuine scientist-founders,Moderate,Space and defence materials have tailwinds from IN-SPACe and indigenization; specific polyimide niche is small and dependent on ISRO program timelines,Weak,"Website references ISO 9001:2008 (not updated to 2015 version); no visible hiring, expansion, or news in 18 months; revenue trajectory appears flat — 0 signals",65,B,Fit,Exceptional C3 and C4 — ex-ISRO and Lehigh PhD scientists making rare space materials; growth signals are weak which suppresses overall score,Co-founders are ex-ISRO and Lehigh PhD scientists running one of the few Indian manufacturers of polyimide films for space applications — DSIR-recognized R&D lab supplying ISRO,abrorganics.net; DSIR recognition list; ISRO supplier ecosystem references; MCA filings; website last-updated audit
Deccan Fine Chemicals,deccanfinechemicals.com,Hyderabad,Custom synthesis / specialty chemicals,Custom synthesis of complex pharma intermediates and agrochem intermediates; specialty organic molecules for export,Rs.50-100Cr,V. Ramakrishna Rao,Founder & MD,M.Sc Organic Chemistry Osmania University; 28 years in custom synthesis; technical promoter,Strong,Synthesis plant in IDA Bollaram Hyderabad; complex organic molecule synthesis in-house,Strong,HQ and manufacturing in IDA Bollaram Hyderabad,Strong,DSIR-recognized R&D unit; ISO 9001:2015 certified; pharma intermediates for export to regulated markets; not commodity chemical production,Moderate,M.Sc Organic Chemistry with 28 years synthesis experience; domain expert but no premier institution or PhD; practical expertise reduces C4,Moderate,Custom synthesis is China+1 beneficiary but broad competitive segment; not as niche as HPAPI or peptide chemistry,Moderate,Some new export customer additions visible; website updated FY24; no major facility expansion — 1 signal,60,B,Fit,DSIR-recognized custom synthesis with technical promoter and China+1 tailwind; moderate on C4 and C5 due to practical background and broad segment,DSIR-recognized custom synthesis plant in IDA Bollaram Hyderabad winning new pharma intermediate export contracts as global API companies diversify from Chinese sources,deccanfinechemicals.com; DSIR recognition list; IDA Bollaram industrial directory; Naukri postings; MCA filings
Nuziveedu Seeds,nuziveeduseeds.com,Hyderabad,Hybrid seeds / specialty agri-inputs,"Hybrid Bt cotton seeds, hybrid maize and paddy varieties, vegetable hybrid seeds; proprietary germplasm",Rs.300-500Cr,M. Prabhakar Rao,CMD,Agriculture science background; seed breeding expertise; family-led company not PE-controlled,Strong,Seed processing and R&D facilities across Telangana; in-house hybrid breeding and processing; Hyderabad HQ,Strong,HQ in Hyderabad; seed breeding R&D in Telangana,Strong,India's largest private hybrid seed company by cotton seed volume; GEAC-approved Bt cotton germplasm developed over decades; proprietary germplasm is a meaningful IP barrier,Moderate,CMD has agriculture science background and seed breeding expertise; domain knowledge is strong but not PhD scientist from premier institution,Strong,Hybrid seeds are PLI-adjacent; India food security push; cotton export ambitions; biopesticide integration growing; seed sector has government support,Moderate,Revenue ~Rs.350Cr; some expansion in vegetable seeds visible; growth has been challenged by Bt cotton royalty disputes — 1 signal only,65,B,Fit,Largest private hybrid seed house in India with proprietary GEAC-approved germplasm; C6 is moderate due to Bt cotton royalty headwinds,India's largest private hybrid seed company owns GEAC-approved Bt cotton germplasm developed over decades and is expanding into vegetable and maize hybrid seeds to reduce dependence on cotton,nuziveeduseeds.com; GEAC approvals; MCA filings; news coverage Bt cotton royalty dispute; LinkedIn
Srinivasa Cysteine,srinivasacysteine.com,Hyderabad,Custom synthesis / specialty chemicals,"L-Cysteine and cysteine derivatives via fermentation route for pharma, food, and cosmetics industries",Rs.30-100Cr,P. Srinivas Rao,Founder & MD,M.Sc Biochemistry; fermentation chemistry background; self-made technical promoter,Strong,Fermentation-based manufacturing facility in Hyderabad; in-house L-Cysteine production via microbial fermentation not extraction or import,Strong,HQ and manufacturing in Hyderabad,Strong,Fermentation-route L-Cysteine is a niche capability; most global supply is Chinese animal-extracted cysteine; fermentation route commands premium pricing in pharma and food markets,Moderate,M.Sc Biochemistry with fermentation background; technical promoter with domain expertise but not PhD from premier institution,Strong,China dominates global L-Cysteine supply via animal extraction; pharma and food companies actively seeking non-Chinese fermentation-route cysteine; direct China+1 opportunity,Strong,New fermentation capacity in FY24; EU export certifications received; active Naukri hiring for fermentation operators — 2 signals,75,B,Fit,Fermentation-based L-Cysteine is a direct China+1 play; new capacity and EU certifications are strong growth signals; C4 is moderate,Srinivasa Cysteine added fermentation capacity in FY24 and received EU export certifications — producing L-Cysteine via fermentation to serve pharma companies exiting Chinese animal-extraction supply chains,srinivasacysteine.com; EU export certification; Naukri FY24; amino acid market research; MCA filings
Azista Industries,azistaindustries.com,Hyderabad,Aerospace / defence components,"Aerospace-grade fasteners, precision-machined components, structural hardware for ISRO, HAL, and Indian Navy",Rs.30-100Cr,Surender Reddy,Founder & CMD,B.E. Mechanical Osmania University; 25+ years in aerospace hardware manufacturing; technical promoter,Strong,AS9100-certified precision machining facility in Hyderabad TSIIC industrial zone; in-house machining of aerospace-grade components,Strong,HQ and manufacturing in Hyderabad TSIIC industrial zone,Strong,AS9100 certified; qualified supplier to ISRO and HAL — requires rigorous supplier audit; aerospace-grade tolerances not achievable by general job shops,Moderate,Founder holds B.E. Mechanical with 25 years aerospace hardware experience; strong domain expertise but no premier institution pedigree; reduces C4,Strong,Defence indigenization and ISRO domestic supplier development program; aerospace component manufacturing is China+1 beneficiary; HAL scaling domestic supplier base,Strong,Revenue growing with ISRO and Navy order inflow; new machining capacity added FY24; active Naukri hiring for CNC aerospace machinists — 2 signals,75,B,Fit,AS9100-certified ISRO and HAL supplier growing on space indigenization push; C4 is moderate due to B.E. not PhD background,AS9100-certified supplier to ISRO and HAL added new machining capacity in FY24 — growing as ISRO's domestic supplier development program scales ahead of Gaganyaan and commercial launch missions,azistaindustries.com; TSIIC industrial directory; AS9100 certification records; ISRO supplier ecosystem; Naukri FY24
Aurea Biolabs,aureabiolabs.com,Hyderabad,Specialty food / nutraceutical ingredients,"Phycocyanin (natural blue pigment from spirulina), astaxanthin, microalgae-derived functional ingredients for food and nutraceuticals",Rs.10-50Cr,Dr. Kishore Murthy,Co-founder,PhD Biochemistry University of Hyderabad; scientist-founder in algae biotechnology,Strong,"Photobioreactor-based microalgae production facility in Hyderabad; in-house cultivation, extraction, and spray drying",Strong,HQ and production in Hyderabad,Strong,First large-scale Indian producer of food-grade phycocyanin; phycocyanin is rare natural blue colourant with global demand; EU E3 approval for natural blue in food; proprietary photobioreactor process,Strong,Co-founder Dr. Kishore Murthy holds PhD in Biochemistry from University of Hyderabad; scientist-founder in algae biotech,Strong,Natural colour market growing as EU and US regulators restrict synthetic blues (Brilliant Blue); functional ingredients and plant-based nutrition tailwind; EU and US demand for natural blue colouring,Moderate,EU export orders visible; new photobioreactor capacity added FY24; website active — 1 strong signal (Facility) confirmed,75,B,Fit,PhD scientist-founder making a rare natural ingredient with documented EU export activity; C6 is moderate pending second growth signal confirmation,First large-scale Indian manufacturer of food-grade phycocyanin — supplying EU functional food companies with a natural blue colourant now in demand as regulators restrict synthetic alternatives,aureabiolabs.com; EU food ingredient approval database; University of Hyderabad PhD records; LinkedIn; Naukri FY24
Signalchips,signalchips.com,Hyderabad,Industrial sensors / instrumentation,"NavIC-compatible GNSS receiver chips and navigation modules for automotive, defence, and industrial IoT applications",Rs.10-50Cr,Dr. S. Raju,Founder & CEO,PhD Electronics IIT Delhi; ex-ISRO IRNSS program; built company on satellite navigation IP from ISRO experience,Strong,Fabless chip design with in-house module assembly and testing facility in Hyderabad; produces finished navigation modules not bare dies,Strong,HQ and module manufacturing in Hyderabad,Strong,"NavIC-enabled GNSS chip design is rare — most GNSS chips are foreign (Qualcomm, u-blox); founder built IP from ISRO IRNSS program; government preference for NavIC in defence and strategic applications",Strong,Founder Dr. S. Raju holds PhD from IIT Delhi; ex-ISRO IRNSS program; transferred ISRO navigation expertise directly to commercial product,Strong,NavIC adoption mandate for defence and government OEMs; India Semiconductor Mission supporting domestic chip design; strategic technology with government push,Moderate,New automotive design-win announced FY24; active LinkedIn updates; website current — 1 confirmed signal,80,B,Fit,IIT Delhi PhD and ex-ISRO IRNSS engineer with NavIC chip IP; government mandate drives adoption; C6 is moderate pending second signal confirmation,IIT Delhi PhD and ex-ISRO IRNSS program engineer building NavIC-compatible GNSS chips in Hyderabad — products that defence OEMs are now mandated to adopt under India Semiconductor Mission,signalchips.com; NavIC mandate government order; IIT Delhi alumni; LinkedIn FY24; India Semiconductor Mission announcements
Tarsus Diagnostics,tarsusdiagnostics.com,Hyderabad,Medical devices / IVD,Rapid IVD diagnostic kits for infectious disease detection; lateral flow and CLIA platforms for point-of-care use,Rs.10-50Cr,Dr. Suresh Nair,Founder & CEO,PhD Biochemistry University of Hyderabad; clinical diagnostics research background,Strong,Manufactures IVD diagnostic kits in-house in Hyderabad; physical product not a testing service,Strong,HQ and manufacturing in Hyderabad,Weak,Lateral flow diagnostic kits are a competitive segment with many global producers; CE marking is a baseline regulatory requirement not a differentiation signal; no patent filed in India,Strong,Founder Dr. Suresh Nair holds PhD Biochemistry from University of Hyderabad; scientist-founder in diagnostic assay development,Strong,Global IVD market growing; point-of-care diagnostics demand strong in Africa and Southeast Asia; India has cost-manufacturing advantage in lateral flow kits,Moderate,CE marking for two platforms received FY23; some export orders visible; no major facility expansion announced — 1 signal,55,C,Borderline,"C3 Weak (competitive lateral flow segment, no patent); C4 Strong (PhD founder); C6 Moderate; overall C-band despite strong founder",Obtained CE marking for two rapid diagnostic platforms in FY23 and is building export pipeline in African and Southeast Asian markets,tarsusdiagnostics.com; CE marking database; MCA filings; Naukri FY24; export data DGCI&S
Prescient Biologics,prescientbio.com,Hyderabad,Specialty biotech / veterinary biologics,Recombinant veterinary vaccines for poultry and aquaculture disease prevention; biologics for animal health,Rs.10-50Cr,Dr. Mohan Reddy,Founder & CEO,PhD Veterinary Microbiology IVRI Bareilly; 20 years in animal health biologics; scientist-founder,Strong,GMP manufacturing facility in Hyderabad; recombinant protein vaccine production in-house,Strong,HQ and manufacturing in Hyderabad,Moderate,GMP certified; recombinant veterinary vaccines are technically demanding; but no visible patent or regulatory approval specific to a novel product — reduces to moderate,Strong,PhD Veterinary Microbiology IVRI Bareilly; scientist-founder with 20 years in biologics; genuine technical background,Moderate,India poultry and aquaculture expanding; recombinant vaccines replacing conventional; but export markets are developing not established yet,Moderate,Revenue growing; some export customer additions FY24; website updated — 1 signal,62,B,Fit,PhD scientist-founder in veterinary biologics with GMP facility; C3 and C5 moderate,PhD veterinary microbiologist running a GMP recombinant vaccine facility in Hyderabad targeting poultry and aquaculture disease prevention in India and Southeast Asia,prescientbio.com; veterinary biologics directory; Naukri FY24; MCA filings; IVRI alumni records
Hemo Nanotech,hemonanotech.com,Hyderabad,Medical devices / IVD,Nanoparticle-enhanced lateral flow diagnostic kits for cardiac biomarkers; point-of-care platforms,Rs.10-50Cr,Dr. Priya Narayanan,Founder & CEO,PhD Biochemistry IIT Madras; post-doctoral researcher Johns Hopkins University; scientist-founder,Strong,Nanoparticle synthesis and diagnostic kit manufacturing facility in Hyderabad; produces physical diagnostic kits,Strong,HQ and manufacturing in Hyderabad,Weak,Nanoparticle lateral flow is technically interesting but no patent filed in India; CE marking is baseline; competitive segment reduces C3 to Weak,Strong,PhD IIT Madras; post-doc Johns Hopkins; scientist-founder with academic biotech pedigree,Strong,Point-of-care diagnostics global growth market; cardiac biomarker POC expanding in India and export markets,Moderate,CE marking received FY23; some African export orders; no facility expansion — 1 signal,55,C,Borderline,C3 Weak (no patent; nanoparticle lateral flow is competitive); C4 Strong (IIT Madras PhD); C6 Moderate; C-band,IIT Madras PhD and Johns Hopkins post-doc running CE-marked nanoparticle cardiac diagnostic kit manufacturing in Hyderabad — exporting to African health markets,hemonanotech.com; CE marking database; IIT Madras alumni; Johns Hopkins post-doc records; export data
Synkromax Biotech,synkromaxbiotech.com,Hyderabad,Specialty biotech / recombinant proteins,"Recombinant growth factors, cytokines, and cell culture media supplements for biopharma and cell therapy manufacturing",Rs.10-50Cr,Dr. Vineeth Radhakrishnan,Co-founder and CTO,PhD Biochemistry IISc Bangalore; post-doctoral researcher NIH; scientist-founder in recombinant protein expression,Strong,Recombinant protein production facility in Hyderabad; in-house E.coli and mammalian expression systems,Strong,HQ and production in Hyderabad,Weak,DSIR recognition claimed but not independently verified in published DSIR list; no patent found; recombinant growth factors from established producers are widely available,Strong,PhD IISc; post-doc NIH; scientist-founder in demanding technical niche,Strong,Cell therapy and biopharma manufacturing is fastest-growing pharma segment; India biopharma companies active buyers of recombinant growth factors domestically,Moderate,New catalogue products added FY24; LinkedIn active; no major facility expansion announced — 1 signal,55,C,Borderline,"C3 Weak (DSIR unverified, no patent); C4 Strong (IISc PhD NIH post-doc); C6 Moderate; C-band overall",IISc PhD and NIH post-doc making recombinant growth factors in Hyderabad — substituting US-imported biopharma reagents that Indian cell therapy manufacturers currently depend on,synkromaxbiotech.com; DSIR recognition list; IISc alumni; NIH post-doc records; biopharma supplier landscape
Aris Infotech,arisinfotech.com,Hyderabad,Industrial sensors / instrumentation,Inline process analyzers using NIR and Raman spectroscopy for real-time quality monitoring in pharmaceutical plants,Rs.30-100Cr,Dr. Vijay Kumar Reddy,Founder & MD,PhD Analytical Chemistry University of Hyderabad; 18 years building industrial process analyzers,Strong,Manufactures inline NIR and Raman process analyzers in Hyderabad; not a reseller of foreign instruments,Strong,HQ and manufacturing in Hyderabad,Weak,"No patent or DSIR recognition confirmed; NIR process analyzers are available from multiple global suppliers (ABB, Bruker); not a pioneer claim",Strong,PhD Analytical Chemistry University of Hyderabad; built analytical instrumentation company from scientific foundation,Strong,USFDA PAT (Process Analytical Technology) mandate requires inline analyzers in regulated pharma plants; India pharma sector implementing PAT at scale,Strong,Revenue growing 25% YoY; new instrument model launched FY24; active Naukri hiring for application scientists — 2 signals,55,C,Borderline,C3 Weak (no patent/DSIR; NIR analyzers widely available from global suppliers); C4 Strong (PhD); C6 Strong; C-band due to C3,PhD Analytical Chemistry founder making inline NIR analyzers for USFDA PAT-compliance in pharma plants — growing 25% YoY as Indian pharma scales regulatory compliance infrastructure,arisinfotech.com; USFDA PAT guidance; University of Hyderabad alumni; Naukri FY24; MCA filings
Raksha TechnoSolutions,rakshatechno.com,Hyderabad,Defence electronics / sensors,"Thermal imaging systems, surveillance sensors, night-vision equipment for Indian defence and paramilitary forces",Rs.10-50Cr,Col. Retd. Rajesh Sood,Founder & CMD,Ex-Indian Army Colonel; Electronics Engineering background; defence domain expertise from service career,Strong,In-house assembly and integration of thermal imaging and surveillance systems in Hyderabad,Strong,HQ and manufacturing in Hyderabad,Weak,No patent or DSIR recognition found; thermal imaging integration without proprietary sensor development is not a differentiated product position,Moderate,Ex-Indian Army Colonel with Electronics Engineering background — domain expertise is strong but academic qualification is not IIT/BITS/PhD; Moderate not Strong,Strong,Thermal imaging and night-vision on restricted import list; defence indigenization is priority; paramilitary modernization budgets active,Strong,Revenue growing 20% on defence procurement; new paramilitary orders FY24; active Naukri hiring for electronics engineers — 2 signals,45,C,Borderline,"C3 Weak (no patent/DSIR; system integration not product IP); C4 Moderate (ex-Army Colonel, engineering not IIT/PhD); C-band on two moderate/weak criteria",Ex-Indian Army Colonel building thermal imaging surveillance systems for paramilitary forces in Hyderabad — products now on India restricted import list under defence indigenization mandate,rakshatechno.com; DRDO supplier registry; restricted import list; defence procurement announcements; Naukri FY24
Dhruva Space,dhruvaspace.com,Hyderabad,Aerospace / satellite systems,Orbital deployers (Shenandoah series) and small satellite buses for commercial satellite operators under IN-SPACe authorization,Rs.10-50Cr,Sanjay Nekkanti,Co-founder and CEO,B.Tech Aerospace IIT Bombay; ex-ISRO; first private Indian company with orbital deployer in space,Strong,In-house satellite bus assembly and orbital deployer manufacturing facility in Hyderabad,Strong,HQ and assembly facility in Hyderabad,Weak,Orbital deployer is innovative but no granted patent in India at current revenue scale; IN-SPACe authorization is regulatory access not differentiation IP,Strong,B.Tech Aerospace IIT Bombay; ex-ISRO; direct technical pedigree in satellite systems,Strong,Private space sector open via IN-SPACe; global newspace small satellite demand; first-mover position in Indian orbital deployment services,Strong,Commercial contracts growing; 12U satellite bus development announced FY24; headcount tripling YoY; active LinkedIn — 2 strong signals,55,C,Borderline,C3 Weak (no patent at current scale; IN-SPACe is access not IP); C4 Strong (IIT Bombay ex-ISRO); C6 Strong; C-band due to C3 weakness,India's first private company with a qualified orbital deployer in space — now manufacturing small satellite buses for commercial customers and tripling headcount under IN-SPACe,dhruvaspace.com; IN-SPACe authorization announcement; IIT Bombay alumni records; newspace industry news FY24; LinkedIn headcount data
Anuvu Biosolutions,anuvubiosolutions.com,Hyderabad,Specialty biotech / enzymes,"Industrial enzymes for textile, paper, and food processing; specialty protease and amylase formulations",Rs.10-50Cr,Dr. Ravi Shankar,Founder & CEO,M.Sc Biochemistry Osmania University; 15 years in industrial enzyme development; technical promoter,Strong,Enzyme production facility in Hyderabad IDA Pashamylaram; in-house microbial fermentation for enzyme manufacture,Strong,HQ and manufacturing in Hyderabad IDA Pashamylaram,Weak,"Industrial enzymes are widely available from global producers (Novozymes, DSM); no patent or DSIR recognition; commodity risk is high",Weak,M.Sc Biochemistry from non-premier institution with 15 years experience; no IIT/BITS/PhD; reduces to Weak under strict scoring,Moderate,Industrial enzymes have growing demand in textile and food sectors; import substitution opportunity; but not a dominant tailwind segment,Moderate,Some customer additions FY24; website updated; no major facility expansion — 1 signal,45,C,Borderline,"C3 Weak (commodity enzyme segment, no patent/DSIR); C4 Weak (M.Sc non-premier institution); lowest C-band score",Industrial enzyme manufacturer running microbial fermentation in Hyderabad IDA Pashamylaram — supplying textile and food processing companies with protease and amylase formulations,anuvubiosolutions.com; IDA Pashamylaram industrial directory; Naukri FY24; MCA filings
Cellix Bio,cellixbio.com,Hyderabad,Medical devices / microfluidics,Microfluidic chip-based drug permeability testing platforms and cell analysis instruments for pharma R&D,Rs.10-50Cr,Dr. Anitha Devi,Founder & CEO,PhD Biomedical Engineering IIT Hyderabad; 12 years in microfluidics; scientist-founder,Strong,Microfluidic device manufacturing and instrument assembly in Hyderabad; produces physical chip-based platforms,Strong,HQ and manufacturing in Hyderabad,Weak,"No patent filed in India; microfluidic chip platforms from established players (Micronit, uFluidix) are available; not a confirmed pioneer in India",Strong,PhD Biomedical Engineering IIT Hyderabad; scientist-founder with domain-specific academic pedigree,Moderate,Drug permeability testing tools growing with pharma R&D spend; India pharma R&D investment increasing; but niche segment size is small,Moderate,Some pharma customer additions; LinkedIn active; no facility expansion confirmed — 1 signal,55,C,Borderline,C3 Weak (no patent in India; microfluidic chips available from global producers); C4 Strong (IIT Hyderabad PhD); C5 Moderate; C-band,IIT Hyderabad PhD founder making microfluidic drug permeability testing platforms for pharma R&D companies in Hyderabad — addressing a niche gap in domestic pharma research tooling,cellixbio.com; IIT Hyderabad alumni records; Naukri FY24; MCA filings; LinkedIn
